product_id,customer_id,rating
15973974,5548976,2
15973974,494671,5
15973974,26089941,5
15973974,15352577,5
15973974,26416462,5
15973974,25936457,5
15973974,1565469,1
15973974,202467,1
15973974,8367178,5
15973974,11366022,5
272635031,7373795,5
272635031,26342811,5
272635031,9718468,5
10240037,7664884,5
10240037,22085717,1
10240037,12058903,3
10240037,23823310,5
10240037,22493804,5
10240037,24017839,4
10240037,522168,1
10240037,28671436,5
10240037,28235666,5
10240037,28781922,5
58444508,15391392,1
58444508,242822,5
58444508,5781413,5
58444508,23313734,5
58444508,6904160,5
58444508,22820035,5
58444508,6140398,5
58444508,20903146,5
58444508,16233607,4
58444508,264859,2
133696713,21599719,5
133696713,25936457,5
133696713,9716233,5
133696713,19822427,5
133696713,13502335,1
133696713,18822851,5
133696713,19928008,5
133696713,27616607,5
133696713,9319072,5
133696713,28671436,5
10240037,7664884,5
10240037,22085717,1
10240037,12058903,3
10240037,23823310,5
10240037,22493804,5
10240037,24017839,4
10240037,522168,1
10240037,28671436,5
10240037,28235666,5
10240037,28781922,5
59504295,22943169,5
59504295,22424558,5
59504295,28576577,1
59504295,28803941,5
59504295,22695070,5
59504295,9814159,5
59504295,13502335,1
59504295,25936457,5
59504295,25936457,5
59504295,25936457,5
912679,21667937,5
912679,9736210,5
912679,8590027,2
912679,11719625,1
912679,1489813,5
912679,20154867,1
912679,7590786,1
912679,29372217,5
912679,7825444,1
912679,5709447,5
15973974,5548976,2
15973974,494671,5
15973974,26089941,5
15973974,15352577,5
15973974,26416462,5
15973974,25936457,5
15973974,1565469,1
15973974,202467,1
15973974,8367178,5
15973974,11366022,5
262804838,7892290,5
262804838,1070826,5
262804838,11928420,5
262804838,1469477,1
273187025,8707214,5
273187025,18640728,5
273187025,16974228,5
59514129,9935272,5
59514129,1276910,5
59514129,21215695,5
59514129,14169508,5
59514129,28464727,5
59514129,2189489,5
59514129,1588858,5
59514129,21122105,4
59514129,11231301,5
59514129,1482431,5
39702057,19629955,5
39702057,23655321,5
39702057,7910661,5
39702057,6597844,5
39702057,7076787,4
39702057,16754605,5
39702057,128401,5
39702057,11598964,5
39702057,19946802,1
39702057,5862809,5
58405538,27026322,5
58405538,1332182,3
58405538,20618500,5
58405538,14491854,5
58405538,606681,5
58405538,29267977,5
58405538,5862809,5
58405538,12213234,5
58405538,619690,5
58405538,24703225,5
161409499,22497706,1
161409499,21667937,5
161409499,12037259,4
161409499,5772117,5
161409499,256665,5
161409499,23954895,5
161409499,11623593,5
161409499,12457104,5
161409499,10442320,5
161409499,22090089,5
2454353,15423638,3
2454353,7593546,1
2454353,10724132,5
2454353,26804469,5
2454353,46631,2
2454353,11688132,1
2454353,28015944,5
2454353,5280153,2
2454353,28257809,5
2454353,17348049,5
2454355,26804469,5
2454355,12134826,1
2454355,19823605,3
2454355,10165696,5
2454355,29372217,5
2454355,15436788,5
2454355,28314618,5
2454355,7778369,4
2454355,9979793,5
2454355,6491896,5
272848014,11754243,5
272848014,6330651,2
272848014,28645902,5
272848014,22824356,5
272848014,97173,5
272848014,26617152,5
272848014,6122544,5
272848014,23812795,4
272848014,2187528,5
272848014,12375431,4
133682930,25216617,4
133682930,25936457,5
133682930,20030230,1
133682930,17348049,5
133682930,16973630,5
133682930,11650040,5
133682930,26500938,5
133682930,1264021,1
133682930,15357995,1
133682930,19763709,5
2454353,15423638,3
2454353,7593546,1
2454353,10724132,5
2454353,26804469,5
2454353,46631,2
2454353,11688132,1
2454353,28015944,5
2454353,5280153,2
2454353,28257809,5
2454353,17348049,5
2454355,26804469,5
2454355,12134826,1
2454355,19823605,3
2454355,10165696,5
2454355,29372217,5
2454355,15436788,5
2454355,28314618,5
2454355,7778369,4
2454355,9979793,5
2454355,6491896,5
2454359,1497106,1
2454359,12238511,5
2454359,773172,5
2454359,24493380,5
2454359,17787,2
2454359,1020260,4
2454359,11050130,5
2454359,18117139,5
2454359,29229935,5
2454359,18012432,3
262778222,6805049,5
262778222,29453055,5
262778222,23870865,5
262778222,5800651,5
262778222,20457171,5
262778222,250570,5
262778222,14858092,5
262778222,13816850,5
262778222,28384439,4
262778222,105435,5
190845905,8051725,5
190845905,9606752,5
190845905,5348196,5
190845905,26964351,5
190845905,10625077,5
190845905,11644066,5
190845905,16046234,4
190845905,17265397,5
190845905,28560794,5
190845905,7734673,5
176060005,17710846,5
176060005,15672160,5
176060005,8434669,5
176060005,12102234,5
176060005,1137254,5
176060005,7036541,4
176060005,11679893,5
176060005,8159401,4
176060005,5147972,5
176060005,11901791,5
142996124,13623240,5
142996124,7919342,5
142996124,7919342,5
142996124,13858437,5
142996124,7919342,5
142996124,1454475,5
142996124,7059254,3
142996124,23003710,5
142996124,7720908,5
142996124,7208250,5
54031205,12673304,1
54031205,20505247,5
54031205,6852153,1
54031205,18770784,4
54031205,12705146,1
54031205,6315983,5
54031205,1501162,1
54031205,8615788,5
54031205,5102890,4
54031205,21138162,4
12688145,12463394,5
12688145,775628,5
12688145,924543,3
12688145,8532290,5
12688145,29620451,5
12688145,17637613,5
12688145,1076553,3
12688145,21068513,5
12688145,1687305,5
12688145,27709848,5
183363617,23391634,5
183363617,12577408,5
183363617,18144094,1
183363617,14095705,5
183363617,7854552,4
183363617,18085227,5
183363617,29166888,5
183363617,11560068,5
183363617,6914536,5
183363617,22035876,5
272198562,7888544,5
272198562,16263288,5
272198562,8929935,5
272198562,20363704,5
272198562,29624768,5
272198562,20363704,5
272198562,21130940,5
272198562,1584449,5
272198562,26617152,5
272198562,8808970,5
2454359,1497106,1
2454359,12238511,5
2454359,773172,5
2454359,24493380,5
2454359,17787,2
2454359,1020260,4
2454359,11050130,5
2454359,18117139,5
2454359,29229935,5
2454359,18012432,3
98565189,19156231,5
98565189,6599406,5
98565189,15073431,1
98565189,5478400,2
98565189,9007,1
98565189,8280329,5
98565189,6410816,1
98565189,5772935,1
98565189,12845933,5
98565189,171008,5
66747989,19732515,1
66747989,6719891,5
66747989,7340052,5
66747989,12721759,5
66747989,12602773,5
66747989,2139654,4
66747989,11081648,5
66747989,13903836,1
66747989,9822820,5
66747989,18850158,5
134519490,1003110,1
134519490,183104,3
134519490,13586466,5
134519490,17791847,5
134519490,28671436,5
134519490,10304822,1
134519490,22621839,5
134519490,7565712,5
134519490,6214343,5
134519490,6106142,5
98329162,12682873,3
98329162,27159075,5
98329162,22924054,5
98329162,25936457,5
98329162,26366559,1
98329162,26932065,1
98329162,26304409,5
98329162,1226636,5
98329162,20452765,5
98329162,9186764,4
192876361,39352,5
192876361,1080150,5
192876361,18439256,5
192876361,7013246,5
192876361,11484131,1
192876361,1279544,5
192876361,543069,5
192876361,7097569,5
192876361,7764472,4
192876361,6196064,5
85479195,7692360,3
85479195,1008892,5
85479195,11027013,5
85479195,2010631,5
85479195,379338,5
85479195,63112,5
85479195,707770,5
85479195,5249922,3
85479195,6805049,3
85479195,512662,4
98565212,18395573,1
98565212,858200,5
98565212,7712869,5
98565212,659376,1
98565212,27160319,3
98565212,1864967,1
98565212,28803941,5
98565212,25936457,5
98565212,7669781,5
98565212,14074674,5
161409497,10063471,5
161409497,25936457,5
161409497,27207823,5
161409497,13609359,5
161409497,602839,5
161409497,1374946,5
161409497,1919753,5
161409497,6360241,1
161409497,540730,5
161409497,10165889,5
51932016,2006871,2
51932016,495788,1
51932016,14036740,5
51932016,11011454,5
51932016,1466599,5
51932016,9084848,5
51932016,319797,5
51932016,45904,5
51932016,12144222,5
51932016,1030709,4
107548406,69427,5
107548406,301811,5
107548406,10196849,5
107548406,393526,1
107548406,13845560,5
107548406,2021589,3
107548406,127889,5
107548406,1914852,5
107548406,22559646,5
107548406,19939296,3
91474073,5220125,5
91474073,7664884,5
91474073,23413640,5
91474073,19763709,5
91474073,12585484,5
91474073,21672282,5
91474073,7692321,5
91474073,1172390,5
91474073,8348210,4
91474073,13989654,5
114809879,22695070,5
114809879,9612537,2
114809879,6578639,5
114809879,20499099,5
114809879,8633712,5
114809879,27350653,5
114809879,19927469,5
114809879,5692143,5
114809879,20268041,5
114809879,18217700,5
114809856,26700634,5
114809856,29372217,5
114809856,9319072,5
114809856,12977497,5
114809856,9945980,5
114809856,516433,5
114809856,22619125,5
114809856,22603268,5
114809856,16754605,5
114809856,27070759,5
39702057,19629955,5
39702057,23655321,5
39702057,7910661,5
39702057,6597844,5
39702057,7076787,4
39702057,16754605,5
39702057,128401,5
39702057,11598964,5
39702057,19946802,1
39702057,5862809,5
179437521,13052378,4
179437521,23301732,4
179437521,23416768,5
179437521,198941,5
179437521,26622062,5
179437521,7931658,5
179437521,7818920,5
179437521,1559259,5
179437521,13399615,5
179437521,24609832,5
68006413,697833,5
68006413,8070328,5
68006413,1370650,5
68006413,17196637,5
68006413,13715269,5
68006413,6060956,2
68006413,6675677,4
68006413,6696563,5
68006413,26380103,4
68006413,15044311,5
76045155,2161878,5
76045155,37066,5
76045155,790640,5
76045155,22094797,4
76045155,23872257,5
76045155,667570,5
76045155,6983578,5
76045155,257144,5
76045155,26468391,5
76045155,27872905,5
58405538,27026322,5
58405538,1332182,3
58405538,20618500,5
58405538,14491854,5
58405538,606681,5
58405538,29267977,5
58405538,5862809,5
58405538,12213234,5
58405538,619690,5
58405538,24703225,5
93853774,7546006,2
93853774,834407,1
93853774,24000983,4
93853774,8246856,5
93853774,18828966,5
93853774,858200,5
93853774,25936457,5
93853774,6748497,4
93853774,11405310,1
93853774,2218752,5
7865974,7003627,4
7865974,6335740,5
7865974,12731056,5
7865974,12548946,3
7865974,10539219,3
7865974,8367178,5
7865974,27055975,5
7865974,16932715,5
7865974,18475877,2
7865974,6428685,5
65923404,27509142,5
65923404,1224914,5
65923404,13347713,4
65923404,1811084,5
65923404,21387741,3
65923404,14556202,5
65923404,1609391,5
65923404,7647371,5
65923404,722660,1
65923404,12593469,5
98329082,20022481,5
98329082,25936457,5
98329082,15518603,1
98329082,961114,4
98329082,790640,5
98329082,662199,5
98329082,5208785,1
98329082,24700979,1
98329082,26458301,5
98329082,20192693,5
59514129,9935272,5
59514129,1276910,5
59514129,21215695,5
59514129,14169508,5
59514129,28464727,5
59514129,2189489,5
59514129,1588858,5
59514129,21122105,4
59514129,11231301,5
59514129,1482431,5
10240037,7664884,5
10240037,22085717,1
10240037,12058903,3
10240037,23823310,5
10240037,22493804,5
10240037,24017839,4
10240037,522168,1
10240037,28671436,5
10240037,28235666,5
10240037,28781922,5
58444508,15391392,1
58444508,242822,5
58444508,5781413,5
58444508,23313734,5
58444508,6904160,5
58444508,22820035,5
58444508,6140398,5
58444508,20903146,5
58444508,16233607,4
58444508,264859,2
262804838,7892290,5
262804838,1070826,5
262804838,11928420,5
262804838,1469477,1
273187025,8707214,5
273187025,18640728,5
273187025,16974228,5
15973974,5548976,2
15973974,494671,5
15973974,26089941,5
15973974,15352577,5
15973974,26416462,5
15973974,25936457,5
15973974,1565469,1
15973974,202467,1
15973974,8367178,5
15973974,11366022,5
161409487,218242,5
161409487,121109,5
161409487,5975938,5
161409487,386944,4
161409487,25171875,5
161409487,615474,4
161409487,329455,5
161409487,7836621,5
161409487,23887294,5
161409487,8149246,5
183337321,5955300,5
183337321,11928420,5
183337321,17439468,5
183337321,12196764,5
183337321,11664940,5
183337321,5636769,5
183337321,12831498,5
183337321,1895509,5
183337321,6970396,5
183337321,19539029,4
51713363,18337315,5
51713363,20384673,5
51713363,2174880,1
51713363,2110504,5
51713363,29423454,5
51713363,6089493,5
51713363,6717435,2
51713363,23944786,5
51713363,25142379,3
51713363,7162417,5
103125567,7869114,5
103125567,19874730,5
103125567,17830364,5
103125567,880903,5
103125567,5248909,5
103125567,12460301,5
103125567,8502299,4
103125567,19500019,5
103125567,6191305,5
103125567,23601393,5
190254498,7178520,5
190254498,15343879,5
190254498,7140705,5
190254498,14117663,5
190254498,314208,5
190254498,19969729,5
190254498,171040,4
190254498,10018494,5
190254498,11425443,5
190254498,586855,5
272635031,7373795,5
272635031,26342811,5
272635031,9718468,5
161454715,20618500,5
161454715,7274161,5
161454715,6342312,5
161454715,29894447,4
161454715,26897549,5
161454715,8328075,5
161454715,8110511,5
161454715,19454562,5
161454715,17690235,5
161454715,1824029,5
58434660,27730105,5
58434660,9935272,4
58434660,7989882,5
58434660,15651613,5
58434660,17348049,5
58434660,16423452,5
58434660,7716593,5
58434660,738011,5
58434660,13723370,2
58434660,26897549,5
51713363,18337315,5
51713363,20384673,5
51713363,2174880,1
51713363,2110504,5
51713363,29423454,5
51713363,6089493,5
51713363,6717435,2
51713363,23944786,5
51713363,25142379,3
51713363,7162417,5
912675,7087800,1
912675,23566059,5
912675,21677416,5
912675,17133120,5
912675,13988205,5
912675,5660537,5
912675,13260758,5
912675,6466349,5
912675,21799917,5
912675,13453145,5
17967602,6402004,1
17967602,11655141,2
17967602,18839955,1
17967602,14112804,5
17967602,42298,5
17967602,42298,5
17967602,1809782,5
17967602,6499853,5
17967602,5633210,3
17967602,1380203,5
53981562,16364115,4
53981562,26826363,5
53981562,12441393,5
53981562,11082604,4
53981562,6188517,3
53981562,8692845,5
53981562,25009852,3
53981562,22943563,5
53981562,8599375,5
53981562,14160428,5
161454715,20618500,5
161454715,7274161,5
161454715,6342312,5
161454715,29894447,4
161454715,26897549,5
161454715,8328075,5
161454715,8110511,5
161454715,19454562,5
161454715,17690235,5
161454715,1824029,5
58434660,27730105,5
58434660,9935272,4
58434660,7989882,5
58434660,15651613,5
58434660,17348049,5
58434660,16423452,5
58434660,7716593,5
58434660,738011,5
58434660,13723370,2
58434660,26897549,5
190845905,8051725,5
190845905,9606752,5
190845905,5348196,5
190845905,26964351,5
190845905,10625077,5
190845905,11644066,5
190845905,16046234,4
190845905,17265397,5
190845905,28560794,5
190845905,7734673,5
200629234,14215699,5
200629234,19768660,5
200629234,14376532,5
200629234,20238529,5
200629234,12315830,5
200629234,29385678,5
200629234,29122347,5
200629234,6916996,5
200629234,26457156,5
200629270,6315758,5
200629270,5545210,5
200629270,17348049,5
200629270,135071,5
200629270,42298,5
200629270,178860,5
200629270,5982584,5
200629270,10077704,5
200629270,20495990,5
200629270,26581943,5
262778222,6805049,5
262778222,29453055,5
262778222,23870865,5
262778222,5800651,5
262778222,20457171,5
262778222,250570,5
262778222,14858092,5
262778222,13816850,5
262778222,28384439,4
262778222,105435,5
114809875,19463015,5
114809875,19899410,1
114809875,1080496,5
114809875,6449394,5
114809875,6793369,5
114809875,27951342,5
114809875,29686936,2
114809875,1603117,1
114809875,17191422,4
114809875,8328482,5
161409519,18085510,2
161409519,22030342,5
161409519,10442320,5
161409519,12150,5
161409519,5676089,5
161409519,22610457,5
161409519,27871234,5
161409519,14754637,2
161409519,13858628,4
161409519,21599719,5
53831590,101290,5
53831590,8919004,5
53831590,19927469,5
53831590,24493380,5
53831590,1008014,5
53831590,28957198,5
53831590,10989004,4
53831590,5649718,1
53831590,26637654,5
53831590,18217700,5
94065338,26945737,5
94065338,8035850,5
94065338,37066,5
94065338,427556,1
94065338,8902118,5
94065338,1557791,5
94065338,136979,5
94065338,1238011,5
94065338,345113,5
94065338,12083186,5
131386574,5822381,4
131386574,18494330,5
131386574,20476783,5
131386574,5880617,5
131386574,27956089,5
131386574,862186,5
131386574,1860835,5
131386574,28776094,5
131386574,16372077,5
131386574,20067022,5
53086259,162709,5
53086259,5409643,2
53086259,7178520,5
53086259,12838240,4
53086259,11651137,5
53086259,5676089,5
53086259,1380032,5
53086259,506332,5
53086259,12136459,1
53086259,6878893,5
134289944,1357240,5
134289944,20185210,3
134289944,7213325,5
134289944,12317292,5
134289944,1018549,2
134289944,35686,5
134289944,343707,5
134289944,19051,5
134289944,27219309,5
134289944,9614194,2
77152083,27289607,5
77152083,27563003,5
77152083,8916359,5
77152083,13173372,2
77152083,7887460,5
77152083,1131301,5
77152083,21944700,5
77152083,12831498,5
77152083,10432886,5
77152083,11622907,5
113080765,12832033,5
113080765,1624382,4
113080765,17706537,5
113080765,8981711,1
113080765,12884517,4
113080765,11244113,5
113080765,1251437,5
113080765,8076834,5
113080765,15916882,5
113080765,7187667,5
58444508,15391392,1
58444508,242822,5
58444508,5781413,5
58444508,23313734,5
58444508,6904160,5
58444508,22820035,5
58444508,6140398,5
58444508,20903146,5
58444508,16233607,4
58444508,264859,2
68211446,725207,5
68211446,7637986,1
68211446,685354,5
68211446,8226861,5
68211446,18101632,4
68211446,13555761,5
68211446,19149947,3
68211446,27509142,5
68211446,29441498,5
68211446,29723525,5
17943792,899149,4
17943792,6953254,3
17943792,14129345,4
17943792,1345866,5
17943792,7178520,5
17943792,7178520,5
17943792,28493826,5
17943792,11835376,5
17943792,21734448,5
17943792,13530555,5
54690900,25015351,5
54690900,13153067,1
54690900,10088955,4
54690900,1081863,4
54690900,12562008,1
54690900,24196069,5
54690900,110523,5
54690900,1476601,4
54690900,13550587,5
54690900,11595279,5
22597852,7178520,5
22597852,18854633,5
22597852,15639887,1
22597852,16707149,5
22597852,17920026,5
22597852,25936457,5
22597852,2205502,5
22597852,21138162,5
22597852,19969729,5
22597852,10868524,5
566893,19829748,5
566893,25936457,5
566893,494671,5
566893,26468391,5
566893,22603268,5
566893,6315758,4
566893,27295398,5
566893,1621025,5
566893,18496686,5
566893,13176575,5
609586,6753175,5
609586,10294799,1
609586,19266137,5
609586,6295616,5
609586,884279,5
609586,15716877,1
609586,5925534,1
609586,14414791,5
609586,11988808,5
609586,17010014,5
5439427,14774268,1
5439427,15353241,5
5439427,7229567,4
5439427,8445532,5
5439427,5581815,5
5439427,14085026,5
5439427,19948052,4
5439427,18930368,5
5439427,6248267,4
5439427,5914270,5
49070804,12252122,5
49070804,7943026,1
49070804,7178520,5
49070804,11550997,3
49070804,9693643,5
49070804,11832793,1
49070804,6264240,5
49070804,7772348,4
49070804,1703775,5
49070804,1900593,5
161409483,5733494,5
161409483,21599719,5
161409483,488617,1
161409483,10442320,5
161409483,29476690,5
161409483,6466349,5
161409483,13881139,5
161409483,11971489,5
161409483,8399932,5
161409483,15436788,5
52853562,8255951,5
52853562,6954401,5
52853562,19882316,5
52853562,21634319,5
52853562,15527509,5
52853562,1030952,5
52853562,27787598,5
52853562,18524385,5
52853562,23002119,5
52853562,8395313,5
55625510,1625994,1
55625510,7178520,5
55625510,6394459,4
55625510,6402004,1
55625510,753334,2
55625510,655087,5
55625510,19345372,5
55625510,3067,5
55625510,14319674,5
55625510,1793673,5
66475968,1325734,4
66475968,1224914,5
66475968,24196069,5
66475968,19756207,5
66475968,255508,5
66475968,14626243,5
66475968,15975761,5
66475968,8798293,5
66475968,18812638,5
66475968,10070612,4
21257333,9059559,1
21257333,1383506,1
21257333,7178520,5
21257333,171040,1
21257333,6525890,4
21257333,259894,1
21257333,22187720,5
21257333,8765752,1
21257333,17279105,3
21257333,26591484,5
68031130,264917,1
68031130,8247098,5
68031130,7722068,5
68031130,14801337,1
68031130,18631501,5
68031130,5786233,5
68031130,27946998,5
68031130,1233953,5
68031130,1067439,5
68031130,8315299,5
94901052,7298595,5
94901052,790640,5
94901052,8445532,5
94901052,13369422,5
94901052,7540413,4
94901052,272507,5
94901052,9158188,2
94901052,15371865,4
94901052,18015966,4
94901052,22187720,5
114809875,19463015,5
114809875,19899410,1
114809875,1080496,5
114809875,6449394,5
114809875,6793369,5
114809875,27951342,5
114809875,29686936,2
114809875,1603117,1
114809875,17191422,4
114809875,8328482,5
147896557,37066,5
147896557,17761189,3
147896557,18085227,5
147896557,7321091,5
147896557,1504300,5
147896557,6983578,5
147896557,23428998,5
147896557,27872905,5
147896557,38333,5
147896557,13980716,5
54031197,2105492,5
54031197,27252702,1
54031197,6315983,5
54031197,7178520,5
54031197,18836958,5
54031197,7684974,5
54031197,23959155,3
54031197,1775373,1
54031197,7567804,1
54031197,26311163,5
32951828,8880602,2
32951828,17938447,4
32951828,1513151,5
32951828,7815594,4
32951828,7786943,5
32951828,26181854,5
32951828,6575904,3
32951828,16625420,5
32951828,7221798,2
32951828,408969,4
86267511,5400689,5
86267511,22911353,5
86267511,1464242,5
86267511,29015,5
86267511,7510952,5
86267511,263702,4
86267511,9795560,5
86267511,17541525,5
86267511,12480330,5
86267511,7607467,5
7026507,15386582,5
7026507,20544668,5
7026507,389905,5
7026507,13169218,5
7026507,15569136,4
7026507,9985952,5
7026507,12321717,4
7026507,28279945,5
7026507,21139853,5
7026507,2226859,5
183688840,802822,5
183688840,21249398,5
183688840,8485807,4
183688840,13131187,5
183688840,11768487,3
183688840,1941043,5
183688840,5821507,5
183688840,111797,5
183688840,24034296,5
183688840,10153759,5
134971272,26529163,4
134971272,20057540,5
134971272,712064,4
134971272,740730,5
134971272,28416138,5
134971272,21302044,5
134971272,26425104,2
134971272,26833081,3
134971272,11298220,5
134971272,13497525,3
140630666,37066,5
140630666,8035850,5
140630666,17337020,4
140630666,22847944,5
140630666,7616465,5
140630666,11983361,4
140630666,667570,5
140630666,26793039,1
140630666,22761112,5
140630666,1426225,5
55407453,15329169,5
55407453,793885,5
55407453,17983513,5
55407453,2083315,5
55407453,9096368,5
55407453,2202478,5
55407453,13675008,5
55407453,532521,5
55407453,12798775,1
55407453,10000557,5
44899954,7147394,3
44899954,7677450,5
44899954,20427752,2
44899954,18338313,4
44899954,2118596,4
44899954,14968907,5
44899954,1927408,1
44899954,25594171,5
44899954,642923,5
44899954,22132155,4
134289941,7896822,4
134289941,16043,5
134289941,19338631,5
134289941,26045532,5
134289941,13934567,5
134289941,7213325,5
134289941,301811,5
134289941,10134828,5
134289941,10911213,4
134289941,1954200,5
161409463,843149,1
161409463,1312696,1
161409463,5676089,5
161409463,6554980,5
161409463,2196930,5
161409463,12966290,5
161409463,1672192,5
161409463,16238703,1
161409463,163822,5
161409463,1239573,5
9856777,17240723,5
9856777,11086924,1
9856777,752868,1
9856777,27362099,5
9856777,22474245,1
9856777,8290777,4
9856777,6060956,5
9856777,137395,1
9856777,18653103,3
9856777,10464258,4
17148693,18817746,5
17148693,12942035,5
17148693,16335328,5
17148693,28672097,1
17148693,17478971,2
17148693,332739,1
17148693,11835376,5
17148693,14968513,5
17148693,14791371,5
17148693,6325242,1
50715631,14548236,5
50715631,10168551,5
50715631,29058784,4
50715631,509104,5
50715631,1590331,5
50715631,1137254,5
50715631,6315983,5
50715631,12205814,4
50715631,22436178,5
50715631,7454854,5
73090608,1371120,5
73090608,1332182,4
73090608,6176750,5
73090608,6492212,5
73090608,9792336,5
73090608,28281607,5
73090608,1118648,4
73090608,7971733,5
73090608,15451795,5
73090608,21437268,5
151548613,15436788,5
151548613,11325327,5
151548613,20589014,5
151548613,27350653,5
151548613,6916996,5
151548613,22950883,5
151548613,19983233,5
151548613,849539,5
151548613,27632986,5
151548613,15194557,5
177336104,27801277,5
177336104,1609391,5
177336104,5582766,5
177336104,13793848,1
177336104,21377798,5
177336104,23385976,5
177336104,1464879,5
177336104,13656801,5
177336104,8979931,5
177336104,9777,5
68269446,424722,5
68269446,8597960,4
68269446,7735039,4
68269446,11416359,5
68269446,16911899,5
68269446,22135498,5
68269446,5655731,4
68269446,14332771,5
68269446,21197717,5
68269446,180890,5
22100933,1406633,5
22100933,20584774,5
22100933,6873724,5
22100933,13912557,5
22100933,8274913,5
22100933,27056844,5
22100933,15553478,5
22100933,13939156,5
22100933,13747610,5
22100933,14649155,5
108970053,17337020,4
108970053,15473551,5
108970053,14240711,5
108970053,22847944,5
108970053,493358,5
108970053,13175055,5
108970053,28640869,5
108970053,17283359,5
108970053,13312202,5
108970053,299250,5
49246233,11209884,5
49246233,21062382,5
49246233,6653836,3
49246233,11486665,5
49246233,14309175,5
49246233,26795168,5
49246233,18561293,5
49246233,737563,5
49246233,15586206,5
49246233,29179067,4
16837581,27761278,5
16837581,1808601,1
16837581,8673444,5
16837581,11622933,5
16837581,28267722,5
16837581,12315830,5
16837581,1183028,5
16837581,11403112,5
16837581,22545402,5
16837581,422090,2
5981831,20100659,5
5981831,25652332,5
5981831,7298595,5
5981831,26141191,1
5981831,18015966,4
5981831,18117139,5
5981831,25481342,5
5981831,20069675,5
5981831,26600533,5
5981831,20772973,5
58406605,10442320,5
58406605,15113345,5
58406605,10630122,5
58406605,21882166,5
58406605,17268777,5
58406605,18219333,5
58406605,28046567,5
58406605,8652031,5
58406605,5170078,5
58406605,13316615,5
3170593,21498344,4
3170593,22601567,5
3170593,22695070,5
3170593,22328641,1
3170593,22242107,1
3170593,7972875,3
3170593,22695070,5
3170593,1511633,5
3170593,11950705,1
3170593,26255566,5
58899983,49830,5
58899983,6095312,2
58899983,13274318,5
58899983,19406028,3
58899983,2102415,5
58899983,1325378,4
58899983,6059875,5
58899983,5785285,5
58899983,15265708,5
58899983,590452,1
70633549,8527442,5
70633549,19927814,5
70633549,13886006,3
70633549,13941732,5
70633549,623383,5
70633549,14371764,4
70633549,18794835,5
70633549,17604223,4
70633549,17059876,5
70633549,20057540,5
247262742,18000575,5
247262742,1584449,5
247262742,1984556,5
247262742,18602914,1
247262742,11062997,5
247262742,8808970,5
247262742,1645072,5
247262742,20968685,5
247262742,7435168,5
247262742,24559174,5
51966118,5961529,3
51966118,1301493,5
51966118,29063311,5
51966118,7914925,3
51966118,22444405,5
51966118,11777533,5
51966118,162646,5
51966118,9101843,5
51966118,148734,4
51966118,10846779,5
72544445,19716949,3
72544445,1118902,4
72544445,17908322,5
72544445,1860835,5
72544445,1757100,5
72544445,15359879,5
72544445,1163332,5
72544445,23603511,5
72544445,13604950,5
72544445,1254262,5
51713342,612053,3
51713342,1404744,5
51713342,800722,5
51713342,1540087,5
51713342,5145181,5
51713342,16235640,5
51713342,29064297,5
51713342,20005065,5
51713342,27452007,5
51713342,17145061,4
20366824,691585,5
20366824,10533101,2
20366824,10442320,5
20366824,10310325,5
20366824,17296018,5
20366824,7942467,5
20366824,28210793,5
20366824,1903850,5
20366824,26630032,4
20366824,21371649,5
74854036,22192502,5
74854036,722500,1
74854036,7554766,5
74854036,1325206,1
74854036,20377394,5
74854036,708667,5
74854036,5352591,5
74854036,19783445,5
74854036,5125603,5
74854036,16364115,4
54031203,21229841,5
54031203,25923385,5
54031203,7724180,1
54031203,6759982,1
54031203,13339867,5
54031203,7799104,5
54031203,15082583,1
54031203,17791847,5
54031203,20686375,5
54031203,450545,5
97933472,1411893,3
97933472,27689255,5
97933472,1624382,5
97933472,5821457,5
97933472,5821457,5
97933472,735263,5
97933472,781957,5
97933472,10778217,4
97933472,17315696,5
97933472,25566805,2
5444345,1131204,5
5444345,110523,5
5444345,29031085,5
5444345,6970954,5
5444345,21125582,5
5444345,18930368,5
5444345,837130,5
5444345,9009128,5
5444345,22187720,5
5444345,26062260,5
154231134,12449847,5
154231134,22761112,5
154231134,24688574,5
154231134,8633712,5
154231134,5417245,5
154231134,7682592,4
154231134,21673647,5
154231134,726871,5
154231134,14575386,5
154231134,10712775,5
45803948,24674246,5
45803948,13493117,4
45803948,14309175,5
45803948,7088555,4
45803948,210604,1
45803948,6230243,5
45803948,7046910,5
45803948,7046910,5
45803948,9942552,1
45803948,5302290,1
68429315,29167412,1
68429315,22504853,4
68429315,12549721,1
68429315,19345372,5
68429315,11939107,5
68429315,13367229,5
68429315,232273,4
68429315,21734448,5
68429315,435001,2
68429315,21659882,5
72926595,7178520,5
72926595,14171987,5
72926595,9987592,4
72926595,5617443,5
72926595,12274798,4
72926595,791638,5
72926595,11765222,2
72926595,37066,5
72926595,14212364,5
72926595,7743796,5
73569777,1067439,4
73569777,16400425,2
73569777,9935272,4
73569777,22242399,3
73569777,11531337,5
73569777,15747726,5
73569777,17247807,5
73569777,800722,5
73569777,6177628,5
73569777,1520393,5
56366146,5426563,5
56366146,17478971,5
56366146,27295826,4
56366146,6394459,5
56366146,8068093,5
56366146,9000630,5
56366146,1255416,5
56366146,18929556,4
56366146,1815797,4
56366146,18135222,5
50874054,7766100,5
50874054,634712,4
50874054,13837093,5
50874054,22322154,5
50874054,7392302,5
50874054,13796113,5
50874054,10610928,5
50874054,10895735,5
50874054,10567205,5
50874054,5785285,5
21973737,6196147,5
21973737,6428685,5
21973737,377239,5
21973737,18960180,5
21973737,10413106,5
21973737,1359792,5
21973737,8097347,5
21973737,8097347,5
21973737,19302896,5
21973737,25856265,5
100002376,13547715,3
100002376,6333012,3
100002376,1080579,3
100002376,1601757,4
100002376,11493839,5
100002376,22440200,4
100002376,171040,5
100002376,1380032,5
100002376,1605599,5
100002376,20938292,5
95738122,27509142,4
95738122,1325734,5
95738122,8470929,4
95738122,5734672,5
95738122,10130259,5
95738122,10518262,5
95738122,383182,5
95738122,9073777,5
95738122,16066950,5
95738122,20410974,5
98578829,924543,1
98578829,6394673,5
98578829,22915265,5
98578829,14074674,5
98578829,20082994,1
98578829,20064049,5
98578829,18750703,5
98578829,7280157,1
98578829,18844328,5
98578829,6946909,5
92710957,26766894,5
92710957,12250621,5
92710957,18766751,5
92710957,11308579,5
92710957,8990050,5
92710957,5518961,5
92710957,6315758,5
92710957,7340052,5
92710957,1876692,5
92710957,18924785,5
157600763,27026322,5
157600763,8110511,5
157600763,12845833,4
157600763,18981422,5
157600763,17872503,5
157600763,16538861,5
157600763,17025397,5
157600763,11073828,5
157600763,25786032,5
157600763,14565355,5
74870030,8133848,5
74870030,15057548,3
74870030,12088857,5
74870030,14579254,5
74870030,586855,5
74870030,15617,3
74870030,87710,5
74870030,7846602,5
74870030,2077352,5
74870030,6055864,5
76755601,6970954,5
76755601,8228348,5
76755601,20622715,5
76755601,26458301,5
76755601,27868975,5
76755601,15032297,5
76755601,6676975,5
76755601,11499457,5
76755601,732229,5
76755601,12120498,5
2923763,1726694,5
2923763,516634,5
2923763,28648036,5
2923763,6290245,4
2923763,6691689,2
2923763,6878471,3
2923763,676878,5
2923763,72786,5
2923763,204152,5
2923763,22773967,5
58392902,19463015,5
58392902,9935272,4
58392902,27026322,5
58392902,22142883,5
58392902,17312843,5
58392902,432771,3
58392902,7088555,4
58392902,11073828,5
58392902,12965824,4
58392902,1848022,5
20225041,6402004,1
20225041,27828999,2
20225041,1253759,5
20225041,17929066,5
20225041,1864718,5
20225041,1651397,5
20225041,6027583,1
20225041,8427908,5
20225041,21554205,1
20225041,15405895,5
190603077,7737981,3
190603077,27219859,5
190603077,8716133,5
190603077,5389583,5
190603077,20779929,5
190603077,7120051,5
190603077,7120051,5
190603077,7120051,5
190603077,7120051,5
190603077,21201280,5
21973763,20122905,5
21973763,8841023,5
21973763,18071489,1
21973763,14464467,2
21973763,19927469,5
21973763,22611737,5
21973763,968755,5
21973763,20817854,5
21973763,29783686,5
21973763,70354,5
8083719,969343,1
8083719,8333857,5
8083719,13975762,2
8083719,5216326,5
8083719,359587,1
8083719,26274405,5
8083719,28193562,5
8083719,140583,5
8083719,19855604,4
8083719,18989288,5
97551871,6802470,5
97551871,29725952,5
97551871,13727936,5
97551871,2240460,5
97551871,1579186,5
97551871,10892878,5
97551871,11268974,5
97551871,28193562,5
97551871,26498326,5
97551871,8815191,5
154231124,28264205,5
154231124,23054420,5
154231124,22081098,4
154231124,7234730,5
154231124,7952715,5
154231124,28484735,5
154231124,21050151,5
154231124,26134666,5
154231124,8949397,5
154231124,18447952,5
2454283,900498,1
2454283,1179263,3
2454283,2187100,5
2454283,27128764,5
2454283,6059348,5
2454283,18374147,5
2454283,15983564,5
2454283,13928690,5
2454283,22489156,3
2454283,29058784,5
149355038,22118422,5
149355038,22943800,5
149355038,10320239,5
149355038,309426,5
149355038,17355938,5
149355038,8006242,5
149355038,1440290,5
149355038,23069503,5
149355038,10739180,5
149355038,14830485,4
13409520,11558299,1
13409520,5564059,4
13409520,19984099,5
13409520,6198673,1
13409520,23379474,5
13409520,9841483,5
13409520,15021945,5
13409520,16859213,5
13409520,17791847,5
13409520,27601862,5
136041797,1394449,5
136041797,7031874,5
136041797,8405278,3
136041797,5146153,5
136041797,970987,2
136041797,7498280,5
136041797,8614780,5
136041797,7031874,5
136041797,27559187,5
136041797,23603511,5
251998487,7887460,5
251998487,13444404,5
251998487,7413402,5
251998487,251744,5
251998487,5825887,5
251998487,8785261,5
251998487,20306273,5
251998487,17479304,5
251998487,7686927,1
251998487,7596746,5
114809866,17258622,5
114809866,6805049,5
114809866,25029892,5
114809866,6415394,5
114809866,7392952,5
114809866,15715057,5
114809866,8272223,5
114809866,21676351,5
114809866,23895061,5
114809866,6752698,5
14507333,827596,4
14507333,858200,5
14507333,22003511,5
14507333,2150032,4
14507333,466029,5
14507333,26456676,5
14507333,16869597,5
14507333,1394364,5
14507333,12830427,5
14507333,1109493,5
137786472,12922126,5
137786472,13493345,4
137786472,9439420,5
137786472,12922126,5
137786472,13102506,5
137786472,17618340,5
137786472,11705507,5
137786472,10455929,5
137786472,13437645,5
137786472,9973406,5
114821901,22915265,5
114821901,6106142,5
114821901,7914769,5
114821901,9651095,5
114821901,14890,5
114821901,72823,5
114821901,688965,4
114821901,27618265,5
114821901,5160461,5
114821901,27062793,5
166525080,27069675,5
166525080,16120245,5
166525080,29799296,5
166525080,5511793,5
166525080,283844,5
166525080,513188,5
166525080,18373814,5
166525080,11319952,5
166525080,14904500,5
166525080,18197,1
92710924,9828160,5
92710924,10038113,1
92710924,1586252,5
92710924,14596169,5
92710924,1251437,5
92710924,1068078,5
92710924,7214085,5
92710924,7702504,5
92710924,18027800,5
92710924,904415,5
174101598,27723515,5
174101598,12616316,5
174101598,1755750,5
174101598,1209820,1
174101598,11877672,5
174101598,18907319,5
174101598,19059482,4
174101598,5243849,5
174101598,18907319,5
174101598,1965200,5
16832052,24578549,2
16832052,16661196,5
16832052,17548544,5
16832052,7653968,5
16832052,26700634,5
16832052,7804687,5
16832052,19927028,5
16832052,27136578,5
16832052,961001,5
16832052,19539016,5
57118697,9777,5
57118697,541081,5
57118697,7647371,5
57118697,11682409,4
57118697,12054195,4
57118697,795112,3
57118697,9935272,4
57118697,69427,5
57118697,1067439,5
57118697,27599129,5
68838497,16048397,4
68838497,14980287,5
68838497,8515714,4
68838497,6235196,5
68838497,50951,5
68838497,26644767,5
68838497,23954841,5
68838497,1052728,5
68838497,17604223,1
68838497,21198126,1
177336108,7274161,4
177336108,10609598,5
177336108,18546015,4
177336108,9777,5
177336108,27369789,5
177336108,9923516,5
177336108,17643791,4
177336108,480605,5
177336108,13656801,5
177336108,12204984,5
58448354,17726055,5
58448354,1466599,3
58448354,322004,3
58448354,23326708,5
58448354,1952836,5
58448354,1568372,5
58448354,22610825,5
58448354,29791444,5
58448354,8435721,5
58448354,16936481,5
8082641,141514,5
8082641,1504300,5
8082641,23134710,5
8082641,1264228,5
8082641,24730,5
8082641,5416356,4
8082641,110523,5
8082641,14293485,1
8082641,11073828,5
8082641,14383129,5
54619544,24820771,5
54619544,21373677,1
54619544,7976049,4
54619544,13550176,5
54619544,136288,3
54619544,5911098,5
54619544,319797,5
54619544,18911470,5
54619544,7337925,1
54619544,11595279,5
218749295,20068383,5
218749295,10196849,1
218749295,9945980,5
218749295,7953781,5
218749295,25681984,5
218749295,18758068,5
218749295,18803637,5
218749295,21599719,5
218749295,18632571,4
218749295,27350653,5
98329093,17753033,1
98329093,11518485,2
98329093,10969526,1
98329093,5417245,5
98329093,5759153,1
98329093,279153,5
98329093,10081219,5
98329093,27862170,5
98329093,5611196,5
98329093,9154253,2
31451473,14939459,5
31451473,8340759,4
31451473,5426527,5
31451473,9040437,4
31451473,14968907,4
31451473,14939402,4
31451473,17154398,5
31451473,14030692,1
31451473,398099,1
31451473,19345372,5
97572214,11292640,5
97572214,1414051,5
97572214,7730567,5
97572214,14463719,5
97572214,29370284,5
97572214,16111286,5
97572214,5133760,5
97572214,2072078,5
97572214,8967747,5
97572214,26766894,5
3812941,15386582,5
3812941,1496118,5
3812941,270700,1
3812941,6013753,5
3812941,1902192,5
3812941,13810834,5
3812941,6374922,5
3812941,8263105,5
3812941,12321717,5
3812941,8497533,5
193210912,5437415,5
193210912,11926173,4
193210912,10366028,5
193210912,10475375,5
193210912,5256690,5
193210912,19405488,5
193210912,26332795,5
193210912,14939395,5
193210912,365320,5
193210912,23578420,5
51713351,18177411,5
51713351,17049215,5
51713351,10130259,5
51713351,16538861,5
51713351,24820360,5
51713351,27617979,5
51713351,14056960,5
51713351,29598372,5
51713351,926497,5
51713351,8257617,5
161409457,5733494,5
161409457,9765158,5
161409457,23954895,5
161409457,1435421,5
161409457,12449847,5
161409457,12343072,5
161409457,1495833,5
161409457,10799954,5
161409457,218242,4
161409457,23102526,5
67921481,28429279,5
67921481,7692994,1
67921481,22109104,1
67921481,18337315,5
67921481,8407555,5
67921481,22927417,5
67921481,20005065,4
67921481,128401,5
67921481,9810871,5
67921481,16701135,5
58395158,1391462,4
58395158,1137935,5
58395158,2217651,5
58395158,10534831,5
58395158,22363014,5
58395158,7272870,4
58395158,7388712,5
58395158,1361885,5
58395158,13521587,5
58395158,9630274,5
61470015,11975093,5
61470015,26768877,5
61470015,8016250,4
61470015,27538097,5
61470015,20029484,5
61470015,6877974,4
61470015,5085813,5
61470015,7178520,5
61470015,11619592,5
61470015,19654985,5
21842086,828935,1
21842086,1382643,5
21842086,7046846,5
21842086,5565966,5
21842086,24713766,1
21842086,11399527,5
21842086,5582766,5
21842086,11073828,5
21842086,13260758,5
21842086,3860769,5
55062018,14774268,3
55062018,9025639,1
55062018,12690250,3
55062018,6874475,1
55062018,21337249,1
55062018,5096337,2
55062018,26680727,3
55062018,9987592,2
55062018,107999,1
55062018,8042532,5
21973743,129839,2
21973743,11659744,5
21973743,821593,5
21973743,1334458,5
21973743,17223824,4
21973743,68973,5
21973743,11659744,4
21973743,9775294,5
21973743,11659744,5
21973743,22645926,5
83781964,24658505,5
83781964,7087800,5
83781964,7803756,5
83781964,14337228,5
83781964,8692845,4
83781964,26920394,5
83781964,15178546,5
83781964,16222254,5
83781964,22539529,5
83781964,945933,5
161409506,11623593,5
161409506,1435421,5
161409506,15021945,5
161409506,7111486,5
161409506,5835555,5
161409506,22924054,5
161409506,21150388,5
161409506,14364528,5
161409506,22066530,5
161409506,8903490,5
109185538,23374840,5
109185538,68275,5
109185538,23374840,5
109185538,7080089,4
109185538,18085227,5
109185538,11983361,4
109185538,1617328,5
109185538,664829,5
109185538,12577408,5
109185538,1426225,5
57353210,739500,4
57353210,17758564,5
57353210,11637228,5
57353210,344438,5
57353210,16626158,5
57353210,476336,5
57353210,25776301,1
57353210,381980,5
57353210,5291834,5
57353210,8929935,5
75482123,12089500,5
75482123,29318802,5
75482123,21930032,4
75482123,16569105,5
75482123,13555761,5
75482123,757773,5
75482123,11877314,5
75482123,20641393,5
75482123,8230304,5
75482123,467715,5
73403669,7178520,5
73403669,196445,3
73403669,1325378,3
73403669,1325378,3
73403669,13012311,5
73403669,19952362,5
73403669,171773,5
73403669,564421,5
73403669,6625594,5
73403669,340028,4
100274577,17791847,5
100274577,19008757,5
100274577,27136578,5
100274577,1052728,5
100274577,23983422,5
100274577,11375565,5
100274577,7587797,5
100274577,7743796,5
100274577,26955559,5
100274577,1919796,5
1379989,5128803,3
1379989,17791847,5
1379989,7931658,5
1379989,21677416,5
1379989,19250099,5
1379989,6630729,5
1379989,21183610,5
1379989,1175569,5
1379989,16422544,5
1379989,114538,5
4345189,7311961,1
4345189,11088986,5
4345189,11379346,5
4345189,21463454,3
4345189,18973119,5
4345189,299541,5
4345189,17217267,5
4345189,1517936,5
4345189,5836693,5
4345189,28363224,5
175688119,17329543,5
175688119,20618500,5
175688119,675475,1
175688119,6805049,5
175688119,1886737,5
175688119,1544423,5
175688119,21068086,5
175688119,7452901,5
175688119,12641843,5
175688119,6443626,5
142471156,7213325,5
142471156,2241047,1
142471156,23315394,5
142471156,15443315,4
142471156,13054459,1
142471156,268449,5
142471156,15832708,5
142471156,16907960,5
142471156,25251549,5
142471156,17823945,5
114467209,25936457,5
114467209,9765158,5
114467209,5733494,5
114467209,9945345,4
114467209,23453410,5
114467209,14361212,5
114467209,11131250,5
114467209,29238345,5
114467209,28522276,5
114467209,6916996,5
83781967,24658505,5
83781967,16048397,5
83781967,1305922,5
83781967,26380103,5
83781967,19825322,5
83781967,11399527,5
83781967,134560,2
83781967,17791847,5
83781967,22424558,5
83781967,19822427,5
86600525,60256,1
86600525,28497110,5
86600525,7492937,4
86600525,12426699,4
86600525,26757622,4
86600525,5117429,4
86600525,23524306,5
86600525,8221679,5
86600525,18465501,5
86600525,70354,5
46095231,14645548,2
46095231,406138,1
46095231,646445,5
46095231,502288,5
46095231,12175644,5
46095231,20703043,5
46095231,27865949,5
46095231,6818231,5
46095231,19279723,3
46095231,7639203,5
70606907,16661196,5
70606907,27136578,5
70606907,7653968,5
70606907,7298595,5
70606907,25652332,5
70606907,16646765,5
70606907,29341325,5
70606907,19932798,3
70606907,19539016,5
70606907,17337020,4
112585192,1624382,5
112585192,5522533,5
112585192,411025,5
112585192,1404644,5
112585192,8604376,5
112585192,29562099,5
112585192,18889972,5
112585192,13449254,5
112585192,14374459,5
112585192,649465,5
92710896,28947757,5
92710896,795645,2
92710896,6315758,5
92710896,25594382,5
92710896,22850409,5
92710896,17758564,5
92710896,6589432,5
92710896,397822,5
92710896,9828160,5
92710896,29224856,5
71979469,1898654,1
71979469,19157023,5
71979469,645185,5
71979469,23905158,5
71979469,6133310,5
71979469,11080809,2
71979469,25574023,2
71979469,499537,5
71979469,1921316,5
71979469,15483825,5
142310525,1466599,5
142310525,1566089,3
142310525,22807940,5
142310525,19756207,5
142310525,12973403,5
142310525,16864218,5
142310525,305394,5
142310525,460978,4
142310525,11595585,5
142310525,1762373,5
17979040,77741,1
17979040,1587541,1
17979040,788479,3
17979040,10805001,5
17979040,969387,3
17979040,20962387,5
17979040,53779,5
17979040,171837,5
17979040,27826650,5
17979040,7229571,5
89654610,5970370,4
89654610,13610937,4
89654610,14216937,3
89654610,13069741,5
89654610,5779028,5
89654610,23436672,1
89654610,6684818,5
89654610,11094788,5
89654610,1161115,3
89654610,28757808,5
179437505,27534706,1
179437505,29769397,5
179437505,15484455,5
179437505,20444269,5
179437505,261332,3
179437505,28718505,4
179437505,1895509,5
179437505,1394862,5
179437505,6402497,5
179437505,24703225,4
23889095,23558387,5
23889095,17726603,5
23889095,29624768,5
23889095,21659882,5
23889095,11923526,5
23889095,12599548,5
23889095,9407486,5
23889095,8802406,5
23889095,27294104,5
23889095,29112527,5
35848354,1158457,4
35848354,172737,5
35848354,7402921,5
35848354,1963165,5
35848354,11909169,5
35848354,20503829,5
35848354,331367,5
35848354,23433946,5
35848354,1141434,5
35848354,441145,5
52227046,7296012,3
52227046,23898268,5
52227046,6904614,5
52227046,313403,5
52227046,7766805,4
52227046,13484490,5
52227046,13547888,5
52227046,16646638,5
52227046,23539836,5
52227046,15251101,4
59178438,23720047,5
59178438,15067217,5
59178438,8364523,5
59178438,19763709,5
59178438,1623739,5
59178438,10805527,5
59178438,7724070,5
59178438,8094853,5
59178438,10726423,4
59178438,10245874,5
3114737,5178168,5
3114737,17608363,1
3114737,18654094,1
3114737,8008862,1
3114737,21460980,5
3114737,18020759,1
3114737,27329002,5
3114737,14207482,5
3114737,16767909,1
3114737,26323366,4
56439395,162709,5
56439395,13623240,5
56439395,10877071,5
56439395,8951393,5
56439395,15630788,4
56439395,22060625,5
56439395,14171987,5
56439395,15128722,5
56439395,25867985,5
56439395,12790714,5
1692903,7910167,4
1692903,6047040,5
1692903,281383,5
1692903,2022156,5
1692903,20195921,5
1692903,8258478,5
1692903,9828855,5
1692903,8128683,5
1692903,5726931,5
1692903,18854633,5
14000041,11832793,4
14000041,7178520,5
14000041,356759,5
14000041,11784794,5
14000041,12083186,5
14000041,26905934,5
14000041,20352151,5
14000041,11803157,5
14000041,13157101,4
14000041,11414469,5
105954003,26529163,4
105954003,25936457,5
105954003,5267232,4
105954003,16331059,5
105954003,12228434,4
105954003,16615239,5
105954003,12253060,5
105954003,23113827,5
105954003,5106797,4
105954003,6467395,5
